{
  "zonenum": 2,
  "timesteps": 96,
  "starttimestep": 1,
  "linkfilename": "links.csv",
  "nodefilename": "nodes.csv",
  "triptablefilename": "triptable.csv",
  "modes": [ "SOV" ],
  "maxiter": 100,
  "gap": 0.01,
  "timestepgap": 0.01,
  "weightmsa": 1,
  "numprocesses": 6,
  "distmaxfactor": 1.5,
  "minpacketsize": 0.01,
  "maxsplitcount": 20,
  "maxvc":  5,
  "log": {
    "path": "1, 2, 68",
    "pathfilename": "logPath.csv",
    "toll": [ "13-14", "15-18" ],
    "tollfilename": "logToll.csv",
    "dpnode": [ 11, 14, 16 ],
    "dpnodefilename": "logChoice.csv",
    "convergefilename": "logConvergence.csv"
  },
  "pathban": {
    "HOV": [],
    "TRK": [ 90 ]
  },
  "dcpnttype": 90,
  "ftypeexonrp": 91,
  "ftypeexoffrp": 92,
  "ftypeex": 90,
  "ftypegp": 1,
  "tollpolicy": {
    "maxtoll": 10,
    "mintoll": 0.25,
    "exp": 6
  },
  "tolltype": {
    "dynamic": 1,
    "fix": 2
  },
  "choicemodel": {
    "tollconst": [
      -1.5,
      -1.5,
      -1.5,
      -1.5,
      -1.5,
      -1.5,
      -1.5,
      -1.5,
      -1.5,
      -1.5,
      -1.5,
      -1.5,
      -1.5,
      -1.5,
      -1.5,
      -1.5,
      -1.5,
      -1.5,
      -1.5,
      -1.5,
      -1.5,
      -1.5,
      -1.5,
      -1.5,
      -1.5,
      -1.5,
      -1.5,
      -1.5,
      -0.6,
      -0.6,
      -0.6,
      -0.6,
      -0.6,
      -0.6,
      -0.6,
      -0.6,
      -0.6,
      -0.6,
      -0.6,
      -0.6,
      -1.5,
      -1.5,
      -1.5,
      -1.5,
      -1.5,
      -1.5,
      -1.5,
      -1.5,
      -1.5,
      -1.5,
      -1.5,
      -1.5,
      -1.5,
      -1.5,
      -1.5,
      -1.5,
      -1.5,
      -1.5,
      -1.5,
      -1.5,
      -1.5,
      -1.5,
      -1.5,
      -1.5,
      -0.6,
      -0.6,
      -0.6,
      -0.6,
      -0.6,
      -0.6,
      -0.6,
      -0.6,
      -0.6,
      -0.6,
      -0.6,
      -0.6,
      -1.5,
      -1.5,
      -1.5,
      -1.5,
      -1.5,
      -1.5,
      -1.5,
      -1.5,
      -1.5,
      -1.5,
      -1.5,
      -1.5,
      -1.5,
      -1.5,
      -1.5,
      -1.5,
      -1.5,
      -1.5,
      -1.5,
      -1.5
    ],
    "timecoeff": -0.117,
    "tollcoeff": -0.584,
    "reliacoeffratio": 2,
    "reliacoefftime": 0.2,
    "reliacoeffdist": 0.1,
    "perceivetimesteep": 13.67,
    "perceivetimemidvc": 0.693,
    "perceivetimemaxvc": 1.2,
    "oneelweight": 1.28,
    "scalestdlen": 7.2,
    "scalealpha": 1
  }
}